sample_id;prediction
131672_1767670500;94.89796001364041
131672_1767670800;176.14731791162916
131672_1767671100;169.50357082610975
131672_1767671400;164.56566986062933
134040_1767672000;84.00820257346092
134040_1767672300;78.50186376940744
134040_1767672600;58.791239363728636
134040_1767672900;116.75633980006408
134040_1767673200;95.42398738790489
134040_1767673500;139.3121572017929
122048_1767673800;79.12542456323536
122048_1767674100;35.43887275843201
122048_1767674400;-12.710180834522195
122048_1767674700;-54.79677500298492
122048_1767675000;-0.46330075316318897
122048_1767675300;-23.754207829720475
131672_1767675600;34.8910749082367
131672_1767675900;44.41234576715463
131672_1767676200;33.722463572635384
131672_1767676500;17.5284685533273
131672_1767676800;-35.447484433547444
131672_1767677100;6.521944670643929
122658_1767679500;26.366526357489754
122658_1767679800;19.058833277679
122658_1767680100;9.846150826915718
122658_1767680400;16.011941277479593
122658_1767680700;55.07848888526358
134040_1767684600;17.690729140604304
130238_1767684600;48.920558118796606
130238_1767684900;42.755777959363236
134040_1767684900;25.629311328732577
134040_1767685200;78.08294597510636
130238_1767685200;19.126855974912534
134040_1767685500;82.00706926168297
130238_1767685500;45.49688987844479
134040_1767685800;88.7053283270387
130238_1767685800;52.14306072080258
130238_1767686100;69.99128574122444
134040_1767686100;81.8043545908496
122658_1767686400;-7.118676658745986
122658_1767686700;10.386240807560316
122658_1767687000;0.4734060628760498
122658_1767687300;2.847027274580323
122658_1767687600;18.763963952346508
122658_1767687900;55.87151862554258
122613_1767690000;34.75577331812879
122613_1767690300;47.93352687359532
122613_1767690600;38.6714481845838
122613_1767690900;40.89325058405547
122613_1767691200;23.379253611284255
122613_1767691500;15.2663626019215
122048_1767695400;-185.42261546462743
122048_1767695700;8.841921243809963
122048_1767696000;72.47609278492149
122048_1767696300;67.25506009386334
122048_1767696600;40.86911656641233
122048_1767696900;-56.104295493731186
133300_1767699000;-5.185719316919091
122048_1767699000;-183.26445007017858
133300_1767699300;40.214563987000105
122048_1767699300;-216.48969328507255
122048_1767699600;-144.1631847992681
133300_1767699600;68.27403505036398
122048_1767699900;-163.32570984092138
133300_1767699900;84.99999617039758
122048_1767700200;-213.09818213696124
133300_1767700200;61.876308296857516
122048_1767700500;202.7895749309946
133300_1767700500;52.68264697609053
133957_1767700800;73.10378405881912
133957_1767701100;135.35992417651414
133957_1767701400;92.2372505320042
133957_1767701700;50.42313739429551
133957_1767702000;100.36944070791411
133957_1767702300;33.59817666648682
129964_1767702600;1.780991973266067
129964_1767702900;-35.56825198150824
129964_1767703200;2.991662826435423
129964_1767703500;-17.66066309891169
129964_1767704100;-96.15883922219112
122658_1767706200;11.974920177163256
122658_1767706500;8.658353663135191
122658_1767706800;1.115322947784664
122658_1767707100;6.900214677827085
122658_1767707400;-5.991885298909127
131672_1767709800;55.22660583256773
122048_1767709800;-5.475839748646662
131672_1767710100;27.341881816720985
122048_1767710100;-3.4132189281439653
131672_1767710400;20.04395683469393
122048_1767710400;33.82156687599178
122048_1767710700;-45.72621126542753
131672_1767710700;-25.23072937017622
131672_1767711000;-37.106591125167654
122048_1767711000;60.41569685244184
122048_1767711300;9.427463668477834
131672_1767711300;-72.41427547109333
132430_1767713400;200.72337565145082
133300_1767713400;1.1708481726858366
132430_1767713700;193.8920105102464
133300_1767713700;-5.859146312415206
133300_1767714000;55.38300827759461
132430_1767714000;234.37741080902336
132430_1767714300;243.0466460419513
133300_1767714600;-30.28769340781251
132430_1767714600;321.58273283204244
132430_1767714900;237.86941401920643
133300_1767714900;-23.746656323795378
122048_1767717000;-28.811749309911207
122048_1767717300;11.562869094220543
122048_1767717600;-10.636733540443569
122613_1767718800;44.991665188118176
132430_1767720000;211.63786814245572
132430_1767720300;109.44333451725674
131672_1767722400;108.30779913522599
131672_1767722700;122.93239938334008
131672_1767723000;163.70471130073636
131672_1767723300;312.47809992321567
131672_1767723600;284.76901726391515
131672_1767723900;233.00425561189314
133957_1767724200;178.90998393788385
132430_1767727800;152.49049638509175
132430_1767728100;241.50184716776167
132430_1767728400;209.29432541728482
132430_1767728700;227.0019032919908
132430_1767729000;161.8301759709754
132430_1767729300;131.55632982653054
122048_1767731400;-0.5901510193331321
122048_1767731700;0.5285176073801452
122048_1767732000;25.018142135410766
122048_1767732300;1.9307209888819872
122048_1767732600;9.634521002820442
122048_1767732900;9.734090063444176
134040_1767733200;268.34566465825316
134040_1767733500;296.2460040326759
134040_1767733800;394.3565279601492
134040_1767734100;410.93073981798375
134040_1767734400;462.68218258481767
134040_1767734700;284.91800074487344
130072_1767736800;-17.90029400741006
130072_1767737100;-15.596100122212109
130072_1767737400;3.2339757677766467
130072_1767737700;-11.422621440110953
130072_1767738000;11.174571579521373
130072_1767738300;-0.9984447429463543
130072_1767742200;-5.547562155432815
130072_1767742500;4.382030647692205
130072_1767742800;-1.9069943236105276
130072_1767743100;9.98213213062595
130072_1767743400;-7.374075079257139
130072_1767743700;18.048661561344538
